{
    "name": "root",
    "metadata": {
        "timer_format_version": "0.1.0",
        "start_time_seconds": "1653511900",
        "python_version": "3.8.10 (tags/v3.8.10:3d8993a, May  3 2021, 11:48:03) [MSC v.1928 64 bit (AMD64)]",
        "command_line_arguments": "C:\\Users\\Meteh\\Documents\\GitHub\\ceng-407-408-2021-2022-Automated-Self-Learning-Bus-Simulation\\venv\\Scripts\\mlagents-learn config/demo03.yaml --run-id=CarAgent08",
        "mlagents_version": "0.29.0",
        "mlagents_envs_version": "0.29.0",
        "communication_protocol_version": "1.5.0",
        "pytorch_version": "1.7.0+cu110",
        "numpy_version": "1.21.2",
        "end_time_seconds": "1653511906"
    },
    "total": 5.5049127,
    "count": 1,
    "self": 0.008769200000000588,
    "children": {
        "run_training.setup": {
            "total": 0.17805159999999987,
            "count": 1,
            "self": 0.17805159999999987
        },
        "TrainerController.start_learning": {
            "total": 5.3180919,
            "count": 1,
            "self": 9.48999999996758e-05,
            "children": {
                "TrainerController._reset_env": {
                    "total": 5.3162845,
                    "count": 1,
                    "self": 5.3161682,
                    "children": {
                        "demo_to_buffer": {
                            "total": 0.00011630000000018015,
                            "count": 1,
                            "self": 1.0099999999901854e-05,
                            "children": {
                                "load_demonstration": {
                                    "total": 0.0001062000000002783,
                                    "count": 1,
                                    "self": 0.0001062000000002783
                                }
                            }
                        }
                    }
                },
                "TrainerController._save_models": {
                    "total": 0.0017125000000000057,
                    "count": 1,
                    "self": 0.0002089999999999037,
                    "children": {
                        "RLTrainer._checkpoint": {
                            "total": 0.001503500000000102,
                            "count": 1,
                            "self": 0.001503500000000102
                        }
                    }
                }
            }
        }
    }
}